[
    {
        "nazev": "Jordan 1 Hight/Low Travis Scott",
        "url": "https://mulebuy.com/product/?shop_type=weidian&id=7240131608&ref=200168469",
        "cena": "73",
        "fotka": "../imgs/imgs-produktu/travisss.jpg",
        "kategorie": "REPSUN"
    },
    {
        "nazev": "Jordan 4 (KX)",
        "url": "https://mulebuy.com/product/?shop_type=weidian&id=7240401725&ref=200168469",
        "cena": "38",
        "fotka": "../imgs/imgs-produktu/opravaaa.jpg",
        "kategorie": "REPSUN"
    },
    {
        "nazev": "Yeezy Slide GX/LW Batch ",
        "url": "https://mulebuy.com/product/?shop_type=weidian&id=7239230421&ref=200168469",
        "cena": "16",
        "fotka": "../imgs/imgs-produktu/opravaa 2.jpg",
        "kategorie": "REPSUN"
    },
    {
        "nazev": "Jordan 4 (GX BATCH)",
        "url": "https://mulebuy.com/product/?shop_type=weidian&id=7239940606&ref=200168469",
        "cena": "68",
        "fotka": "../imgs/imgs-produktu/b3.jpg",
        "kategorie": "REPSUN"
    },
    {
        "nazev": "Balenciaga Runner",
        "url": "https://mulebuy.com/product/?shop_type=weidian&id=7245180008&ref=200168469",
        "cena": "73",
        "fotka": "../imgs/imgs-produktu/b4.jpg",
        "kategorie": "REPSUN"
    },
    {
        "nazev": "Jordan 5 ",
        "url": "https://mulebuy.com/product/?shop_type=weidian&id=7251929780&ref=200168469",
        "cena": "67",
        "fotka": "../imgs/imgs-produktu/oprava 3.jpg",
        "kategorie": "REPSUN"
    },
    {
        "nazev":"Nike Dunks M Batch",
        "url": "https://mulebuy.com/product/?shop_type=weidian&id=7243326840&ref=200168469",
        "cena": "44",
        "fotka": "../imgs/imgs-produktu/b6.jpg",
        "kategorie": "REPSUN"
    },
    {
        "nazev": "Nike AF1/COURT VISION ",
        "url": "https://mulebuy.com/product/?shop_type=weidian&id=7240232807&ref=200168469",
        "cena": "25",
        "fotka": "../imgs/imgs-produktu/b7.jpg",
        "kategorie": "REPSUN"
    },
    {
        "nazev": "Asics Gel Kayaon",
        "url": "https://mulebuy.com/product/?shop_type=weidian&id=7241418798&ref=200168469",
        "cena": "30",
        "fotka": "../imgs/imgs-produktu/b8.jpg",
        "kategorie": "REPSUN"
    },
    {
        "nazev": "Asics Gel Sneakers",
        "url": "https://mulebuy.com/product/?shop_type=weidian&id=7268495656&ref=200168469",
        "cena": "30",
        "fotka": "../imgs/imgs-produktu/b9.jpg",
        "kategorie": "REPSUN"
    },
    {
        "nazev": "Yeezy Slide Random BATCH",
        "url": "https://mulebuy.com/product/?shop_type=weidian&id=7301075810&ref=200168469",
        "cena": "7",
        "fotka": "../imgs/imgs-produktu/oeprava 4.jpg",
        "kategorie": "REPSUN"
    },
    {
        "nazev": "The North Face Bunda",
        "url": "https://mulebuy.com/product/?shop_type=weidian&id=7271074831&ref=200168469",
        "cena": "45",
        "fotka": "../imgs/imgs-produktu/bundaa.jpg",
        "kategorie": "REPSUN"
    },
    {
        "nazev": "Asics Gel Sneakers Random Batch",
        "url": "https://mulebuy.com/product/?shop_type=weidian&id=7279987422&ref=200168469",
        "cena": "26",
        "fotka": "../imgs/imgs-produktu/b11.jpg",
        "kategorie": "REPSUN"
    },
    {
        "nazev": "Nike Dunk Low Mid Batch",
        "url": "https://mulebuy.com/product/?shop_type=weidian&id=7245630850&ref=200168469",
        "cena": "23",
        "fotka": "../imgs/imgs-produktu/b12.jpg",
        "kategorie": "REPSUN"
    },
    {
        "nazev": "New Balance Sneakers",
        "url": "https://mulebuy.com/product/?shop_type=weidian&id=7262482955&ref=200168469",
        "cena": "37",
        "fotka": "../imgs/imgs-produktu/b13.jpg",
        "kategorie": "REPSUN"
    },
    {
        "nazev": "Nike Dunk SB (good batch)",
        "url": "https://mulebuy.com/product/?shop_type=weidian&id=7251543921&ref=200168469",
        "cena": "44",
        "fotka": "../imgs/imgs-produktu/oprava 5.jpg",
        "kategorie": "REPSUN"
    },
    {
        "nazev": "LW Trainers",
        "url": "https://mulebuy.com/product/?shop_type=weidian&id=7247146844&ref=200168469",
        "cena": "76",
        "fotka": "../imgs/imgs-produktu/b15.jpg",
        "kategorie": "REPSUN"
    },
    {
        "nazev": "SUPREME Air Max",
        "url": "https://mulebuy.com/product/?shop_type=weidian&id=7256673865&ref=200168469",
        "cena": "37",
        "fotka": "../imgs/imgs-produktu/b16.jpg",
        "kategorie": "REPSUN"
    },
    {
        "nazev": "Off White Sneakers ",
        "url": "https://mulebuy.com/product/?shop_type=weidian&id=7300270683&ref=200168469",
        "cena": "58",
        "fotka": "../imgs/imgs-produktu/b17.jpg",
        "kategorie": "REPSUN"
    },
    {
        "nazev": "Nike Air Max",
        "url": "https://mulebuy.com/product/?shop_type=weidian&id=7301232626&ref=200168469",
        "cena": "49",
        "fotka": "../imgs/imgs-produktu/b18.jpg",
        "kategorie": "REPSUN"
    },
    {
        "nazev": "Nike Kobe (GX BATCH)",
        "url": "https://mulebuy.com/product/?shop_type=weidian&id=7239100945&ref=200168469",
        "cena": "64",
        "fotka": "../imgs/imgs-produktu/B19.jpg",
        "kategorie": "REPSUN"
    },
    {
        "nazev": "Jordan 1 Hight/Low Travis Scott (Good Batch)",
        "url": "https://mulebuy.com/product/?shop_type=weidian&id=7240087084&ref=200168469",
        "cena": "62",
        "fotka": "../imgs/imgs-produktu/orpavaaa 6.jpg",
        "kategorie": "REPSUN"
    },
    {
        "nazev": "Jordan 3 (KX BATCH)",
        "url": "https://mulebuy.com/product/?shop_type=weidian&id=7253712824&ref=200168469",
        "cena": "38",
        "fotka": "../imgs/imgs-produktu/opravaaa 7.jpg",
        "kategorie": "REPSUN"
    },
    {
        "nazev": "NB Sneakers",
        "url": "https://mulebuy.com/product/?shop_type=weidian&id=7355831162&ref=200168469",
        "cena": "40",
        "fotka": "../imgs/imgs-produktu/b22.jpg",
        "kategorie": "REPSUN"
    },
    {
        "nazev": "NB Sneakers (GX BATCH)",
        "url": "https://mulebuy.com/product/?shop_type=weidian&id=7255132290&ref=200168469",
        "cena": "44",
        "fotka": "../imgs/imgs-produktu/B23.jpg",
        "kategorie": "REPSUN"
    },
    {
        "nazev": "Adidas Samba (GX BATCH)",
        "url": "https://mulebuy.com/product/?shop_type=weidian&id=7405704084&ref=200168469",
        "cena": "22",
        "fotka": "../imgs/imgs-produktu/B24.jpg",
        "kategorie": "REPSUN"
    },
    {
        "nazev": "Off WhiteXNike Air Max",
        "url": "https://mulebuy.com/product/?shop_type=weidian&id=7397086883&ref=200168469",
        "cena": "58",
        "fotka": "../imgs/imgs-produktu/b25.jpg",
        "kategorie": "REPSUN"
    },
    {
        "nazev": "Nike P-6000",
        "url": "https://mulebuy.com/product/?shop_type=weidian&id=7283111701&ref=200168469",
        "cena": "35",
        "fotka": "../imgs/imgs-produktu/b26.jpg",
        "kategorie": "REPSUN"
    },
    {
        "nazev": "Dior Sneakers",
        "url": "https://mulebuy.com/product/?shop_type=weidian&id=7246427596&ref=200168469",
        "cena": "58",
        "fotka": "../imgs/imgs-produktu/b27.jpg",
        "kategorie": "REPSUN"
    },
    {
        "nazev": "Ricks Boots",
        "url": "https://mulebuy.com/product/?shop_type=weidian&id=7245407571&ref=200168469",
        "cena": "65",
        "fotka": "../imgs/imgs-produktu/b28.jpg",
        "kategorie": "REPSUN"
    },
    {
        "nazev": "Balencaiga Led Tracks",
        "url": "https://mulebuy.com/product/?shop_type=weidian&id=7246654924&ref=200168469",
        "cena": "88",
        "fotka": "../imgs/imgs-produktu/b29.jpg",
        "kategorie": "REPSUN"
    },
    {
        "nazev": "Dior Sneakerss",
        "url": "https://mulebuy.com/product/?shop_type=weidian&id=7245000141&ref=200168469",
        "cena": "64",
        "fotka": "../imgs/imgs-produktu/b30.jpg",
        "kategorie": "REPSUN"
    },
    {
        "nazev": "Nike Air Zoom Vomero 5",
        "url": "https://mulebuy.com/product/?shop_type=weidian&id=7245852058&ref=200168469",
        "cena": "37",
        "fotka": "../imgs/imgs-produktu/b31.jpg",
        "kategorie": "REPSUN"
    },
    {
        "nazev": "Baleniaga Tracks",
        "url": "https://mulebuy.com/product/?shop_type=weidian&id=7245217662&ref=200168469",
        "cena": "62",
        "fotka": "../imgs/imgs-produktu/b32.jpg",
        "kategorie": "REPSUN"
    },
    {
        "nazev": "Jordan 3 (OG BATCH)",
        "url": "https://mulebuy.com/product/?shop_type=weidian&id=7239164979&ref=200168469",
        "cena": "65",
        "fotka": "../imgs/imgs-produktu/opraba 8.jpg",
        "kategorie": "REPSUN"
    },
    {
        "nazev": "Nike AF1 X CPFM",
        "url": "https://mulebuy.com/product/?shop_type=weidian&id=7261703420&ref=200168469",
        "cena": "44",
        "fotka": "../imgs/imgs-produktu/oprava 9.jpg",
        "kategorie": "REPSUN"
    },
    {
        "nazev": "Nike AF1 (GX BATCH)",
        "url": "https://mulebuy.com/product/?shop_type=weidian&id=7248552888&ref=200168469",
        "cena": "22",
        "fotka": "../imgs/imgs-produktu/b35.jpg",
        "kategorie": "REPSUN"
    },
    {
        "nazev": "AF1 (GX BATCH)",
        "url": "https://mulebuy.com/product/?shop_type=weidian&id=7284070112&ref=200168469",
        "cena": "22",
        "fotka": "../imgs/imgs-produktu/b36.jpg",
        "kategorie": "REPSUN"
    },
    {
        "nazev": "AF1 Tiffyny",
        "url": "https://mulebuy.com/product/?shop_type=weidian&id=7244434071&ref=200168469",
        "cena": "50",
        "fotka": "../imgs/imgs-produktu/b37.jpg",
        "kategorie": "REPSUN"
    },
    {
        "nazev": "Bottega Sneakers",
        "url": "https://mulebuy.com/product/?shop_type=weidian&id=7285368835&ref=200168469",
        "cena": "55",
        "fotka": "../imgs/imgs-produktu/b38.jpg",
        "kategorie": "REPSUN"
    },
    {
        "nazev": "Baleniaga Sneakers",
        "url": "https://mulebuy.com/product/?shop_type=weidian&id=7258796117&ref=200168469",
        "cena": "37",
        "fotka": "../imgs/imgs-produktu/oprava 10.jpg",
        "kategorie": "REPSUN"
    },
    {
        "nazev": "Jordan 1 Hight KX",
        "url": "https://mulebuy.com/product/?shop_type=weidian&id=7254075675&ref=200168469",
        "cena": "40",
        "fotka": "../imgs/imgs-produktu/oprava 11.jpg",
        "kategorie": "REPSUN"
    },
    {
        "nazev": "Running Sneakers",
        "url": "https://mulebuy.com/product/?shop_type=weidian&id=7284077836&ref=200168469",
        "cena": "30",
        "fotka": "../imgs/imgs-produktu/b42.jpg",
        "kategorie": "REPSUN"
    },
    {
        "nazev": "Yeezy 350 LW",
        "url": "https://mulebuy.com/product/?shop_type=weidian&id=7247046086&ref=200168469",
        "cena": "60",
        "fotka": "../imgs/imgs-produktu/B43.jpg",
        "kategorie": "REPSUN"
    },
    {
        "nazev": "Dior Sneakers LW",
        "url": "https://mulebuy.com/product/?shop_type=weidian&id=7373854583&ref=200168469",
        "cena": "59",
        "fotka": "../imgs/imgs-produktu/B44.jpg",
        "kategorie": "REPSUN"
    },
    {
        "nazev": "NB Sneakers GX",
        "url": "https://mulebuy.com/product/?shop_type=weidian&id=7355831162&ref=200168469",
        "cena": "40",
        "fotka": "../imgs/imgs-produktu/B45.jpg",
        "kategorie": "REPSUN"
    },
    {
        "nazev": "Gucci Sneakers",
        "url": "https://mulebuy.com/product/?shop_type=weidian&id=7265333140&ref=200168469",
        "cena": "68",
        "fotka": "../imgs/imgs-produktu/b46.jpg",
        "kategorie": "REPSUN"
    },
    {
        "nazev": "Crocs",
        "url": "https://mulebuy.com/product/?shop_type=weidian&id=7250160076&ref=200168469",
        "cena": "31",
        "fotka": "../imgs/imgs-produktu/oprava 12.jpg",
        "kategorie": "REPSUN"
    },
    {
        "nazev": "Off WhiteXNike Presto",
        "url": "https://mulebuy.com/product/?shop_type=weidian&id=7245497932&ref=200168469",
        "cena": "59",
        "fotka": "../imgs/imgs-produktu/b47.jpg",
        "kategorie": "REPSUN"
    },
    {
        "nazev": "Dior Cd",
        "url": "https://mulebuy.com/product/?shop_type=weidian&id=7244456020&ref=200168469",
        "cena": "73",
        "fotka": "../imgs/imgs-produktu/b48.jpg",
        "kategorie": "REPSUN"
    },
    {
        "nazev": "Jordan 11 KX ",
        "url": "https://mulebuy.com/product/?shop_type=weidian&id=7239678303&ref=200168469",
        "cena": "64",
        "fotka": "../imgs/imgs-produktu/oprava 13.jpg",
        "kategorie": "REPSUN"
    },
    {
        "nazev": "Jordan 5 X Travis Scott",
        "url": "https://mulebuy.com/product/?shop_type=weidian&id=7239331101&ref=200168469",
        "cena": "73",
        "fotka": "../imgs/imgs-produktu/b50.jpg",
        "kategorie": "REPSUN"
    },
    {
        "nazev": "Nike Kobes",
        "url": "https://mulebuy.com/product/?shop_type=weidian&id=7239190993&ref=200168469",
        "cena": "59",
        "fotka": "../imgs/imgs-produktu/b51.jpg",
        "kategorie": "REPSUN"
    },
    {
        "nazev": "Yeezy Foam RNR gx/lw",
        "url": "https://mulebuy.com/product/?shop_type=weidian&id=7239131429&ref=200168469",
        "cena": "20",
        "fotka": "../imgs/imgs-produktu/oprava 14.jpg",
        "kategorie": "REPSUN"
    },
    {
        "nazev": "Jordan 1 LW BATCH",
        "url": "https://mulebuy.com/product/?shop_type=weidian&id=7239381635&ref=200168469",
        "cena": "73",
        "fotka": "../imgs/imgs-produktu/oprava 15.jpg",
        "kategorie": "REPSUN"
    },
    {
        "nazev": "Jordan JumpmanJack Travis Scott",
        "url": "https://mulebuy.com/product/?shop_type=weidian&id=7240073576&ref=200168469",
        "cena": "64",
        "fotka": "../imgs/imgs-produktu/oprava 16.jpg",
        "kategorie": "REPSUN"
    },
    {
        "nazev": "Off White Sneakers OG",
        "url": "https://mulebuy.com/product/?shop_type=weidian&id=7352011454&ref=200168469",
        "cena": "52",
        "fotka": "../imgs/imgs-produktu/B55.jpg",
        "kategorie": "REPSUN"
    },
    {
        "nazev": "Jordan 5 ",
        "url": "https://mulebuy.com/product/?shop_type=weidian&id=7401667343&ref=200168469",
        "cena": "34",
        "fotka": "../imgs/imgs-produktu/B56.jpg",
        "kategorie": "REPSUN"
    },
    {
        "nazev": "Nike Air Max 95",
        "url": "https://mulebuy.com/product/?shop_type=weidian&id=7367776070&ref=200168469",
        "cena": "24",
        "fotka": "../imgs/imgs-produktu/b57.jpg",
        "kategorie": "REPSUN"
    },
    {
        "nazev": "Adidas SL",
        "url": "https://mulebuy.com/product/?shop_type=weidian&id=7348555160&ref=200168469",
        "cena": "26",
        "fotka": "../imgs/imgs-produktu/B59.jpg",
        "kategorie": "REPSUN"
    },
    {
        "nazev": "Adidas Campus OG",
        "url": "https://mulebuy.com/product/?shop_type=weidian&id=7347586465&ref=200168469",
        "cena": "22",
        "fotka": "../imgs/imgs-produktu/b60.jpg",
        "kategorie": "REPSUN"
    },
    {
        "nazev": "Bape Hoodies",
        "url": "https://mulebuy.com/product/?shop_type=weidian&id=7302540687&ref=200168469",
        "cena": "37",
        "fotka": "../imgs/imgs-produktu/bapeee.jpg",
        "kategorie": "REPSUN"
    },
    {
        "nazev": "Acne Studio Hoodie",
        "url": "https://mulebuy.com/product/?shop_type=weidian&id=7293409910&ref=200168469",
        "cena": "43",
        "fotka": "../imgs/imgs-produktu/acneee.jpg",
        "kategorie": "REPSUN"
    },
    {
        "nazev": "MMY BLAKEY",
        "url": "https://mulebuy.com/product/?shop_type=weidian&id=7289592763&ref=200168469",
        "cena": "40",
        "fotka": "../imgs/imgs-produktu/B61.jpg",
        "kategorie": "REPSUN"
    },
    {
        "nazev": "Asics Gel Sneakers",
        "url": "https://mulebuy.com/product/?shop_type=weidian&id=7279987422&ref=200168469",
        "cena": "26",
        "fotka": "../imgs/imgs-produktu/B63.jpg",
        "kategorie": "REPSUN"
    },
    {
        "nazev": "Jordan JumpmanJack Travis Scott KX ",
        "url": "https://mulebuy.com/product/?shop_type=weidian&id=7277452925&ref=200168469",
        "cena": "40",
        "fotka": "../imgs/imgs-produktu/JUMPMAN.jpg",
        "kategorie": "REPSUN"
    },
    {
        "nazev": "Jordan 3 PB BATCH",
        "url": "https://mulebuy.com/product/?shop_type=weidian&id=7251575945&ref=200168469",
        "cena": "30",
        "fotka": "../imgs/imgs-produktu/B64.jpg",
        "kategorie": "REPSUN"
    },
    {
        "nazev": "Denim Tears Set",
        "url": "https://mulebuy.com/product/?shop_type=weidian&id=7265475865&ref=200168469",
        "cena": "20",
        "fotka": "../imgs/imgs-produktu/oprava 18.jpg",
        "kategorie": "REPSUN"
    },
    {
        "nazev": "Asics Gel Kayaon ZC",
        "url": "https://mulebuy.com/product/?shop_type=weidian&id=7298687712&ref=200168469",
        "cena": "38",
        "fotka": "../imgs/imgs-produktu/B65.jpg",
        "kategorie": "REPSUN"
    },
    {
        "nazev": "Nike Air Maxes",
        "url": "https://mulebuy.com/product/?shop_type=weidian&id=7298687712&ref=200168469",
        "cena": "60",
        "fotka": "../imgs/imgs-produktu/b66.jpg",
        "kategorie": "REPSUN"
    },
    {
        "nazev": "Nike Dunks SB",
        "url": "https://mulebuy.com/product/?shop_type=weidian&id=7251512589&ref=200168469",
        "cena": "47",
        "fotka": "../imgs/imgs-produktu/oprava 19.jpg",
        "kategorie": "REPSUN"
    },
    {
        "nazev": "Mansion Shoes",
        "url": "https://mulebuy.com/product/?shop_type=weidian&id=7401519422&ref=200168469",
        "cena": "58",
        "fotka": "../imgs/imgs-produktu/b68.jpg",
        "kategorie": "REPSUN"
    },
    {
        "nazev": "Jordan 1 Hight/Low Travis Scott (KX Batch)",
        "url": "https://mulebuy.com/product/?shop_type=weidian&id=7401519422&ref=200168469",
        "cena": "28",
        "fotka": "../imgs/imgs-produktu/opravfa 20.jpg",
        "kategorie": "REPSUN"
    },
    {
        "nazev": "Nike Air Max 97",
        "url": "https://mulebuy.com/product/?shop_type=weidian&id=7401519422&ref=200168469",
        "cena": "37",
        "fotka": "../imgs/imgs-produktu/B70.jpg",
        "kategorie": "REPSUN"
    },
    {
        "nazev": "Jordan 1 Low",
        "url": "https://mulebuy.com/product/?shop_type=weidian&id=7266500495&ref=200168469",
        "cena": "60",
        "fotka": "../imgs/imgs-produktu/oprava 21.jpg",
        "kategorie": "REPSUN"
    },
    {
        "nazev": "Nike Dunk SB OG ",
        "url": "https://mulebuy.com/product/?shop_type=weidian&id=7245075709&ref=200168469",
        "cena": "55",
        "fotka": "../imgs/imgs-produktu/B73.jpg",
        "kategorie": "REPSUN"
    },
    {
        "nazev": "Nike AF1 Travis Scott",
        "url": "https://mulebuy.com/product/?shop_type=weidian&id=7244572724&ref=200168469",
        "cena": "58",
        "fotka": "../imgs/imgs-produktu/finalna oprava.jpg",
        "kategorie": "REPSUN"
    },
    {
        "nazev": "",
        "url": "",
        "cena": "",
        "fotka": "../",
        "kategorie": "REPSUN"
    },
    {
        "nazev": "",
        "url": "",
        "cena": "",
        "fotka": "../",
        "kategorie": "REPSUN"
    },
    {
        "nazev": "",
        "url": "",
        "cena": "",
        "fotka": "../",
        "kategorie": "REPSUN"
    },
    {
        "nazev": "",
        "url": "",
        "cena": "",
        "fotka": "../",
        "kategorie": "REPSUN"
    },
    {
        "nazev": "",
        "url": "",
        "cena": "",
        "fotka": "../",
        "kategorie": "REPSUN"
    },
    {
        "nazev": "",
        "url": "",
        "cena": "",
        "fotka": "../",
        "kategorie": "REPSUN"
    },
    {
        "nazev": "",
        "url": "",
        "cena": "",
        "fotka": "../",
        "kategorie": "REPSUN"
    },
    {
        "nazev": "",
        "url": "",
        "cena": "",
        "fotka": "../",
        "kategorie": "REPSUN"
    },
    {
        "nazev": "",
        "url": "",
        "cena": "",
        "fotka": "../",
        "kategorie": "REPSUN"
    },
    {
        "nazev": "",
        "url": "",
        "cena": "",
        "fotka": "../",
        "kategorie": "REPSUN"
    },
    {
        "nazev": "",
        "url": "",
        "cena": "",
        "fotka": "../",
        "kategorie": "REPSUN"
    },
    {
        "nazev": "",
        "url": "",
        "cena": "",
        "fotka": "../",
        "kategorie": "REPSUN"
    },
    {
        "nazev": "",
        "url": "",
        "cena": "",
        "fotka": "../",
        "kategorie": "REPSUN"
    },
    {
        "nazev": "",
        "url": "",
        "cena": "",
        "fotka": "../",
        "kategorie": "REPSUN"
    },
    {
        "nazev": "",
        "url": "",
        "cena": "",
        "fotka": "../",
        "kategorie": "REPSUN"
    },
    {
        "nazev": "",
        "url": "",
        "cena": "",
        "fotka": "../",
        "kategorie": "REPSUN"
    },
    {
        "nazev": "",
        "url": "",
        "cena": "",
        "fotka": "../",
        "kategorie": "REPSUN"
    },
    {
        "nazev": "",
        "url": "",
        "cena": "",
        "fotka": "../",
        "kategorie": "REPSUN"
    },
    {
        "nazev": "",
        "url": "",
        "cena": "",
        "fotka": "../",
        "kategorie": "REPSUN"
    },
    {
        "nazev": "",
        "url": "",
        "cena": "",
        "fotka": "../",
        "kategorie": "REPSUN"
    },
    {
        "nazev": "",
        "url": "",
        "cena": "",
        "fotka": "../",
        "kategorie": "REPSUN"
    },
    {
        "nazev": "",
        "url": "",
        "cena": "",
        "fotka": "../",
        "kategorie": "REPSUN"
    },
    {
        "nazev": "",
        "url": "",
        "cena": "",
        "fotka": "../",
        "kategorie": "REPSUN"
    },
    {
        "nazev": "",
        "url": "",
        "cena": "",
        "fotka": "../",
        "kategorie": "REPSUN"
    },
    {
        "nazev": "",
        "url": "",
        "cena": "",
        "fotka": "../",
        "kategorie": "REPSUN"
    },
    {
        "nazev": "",
        "url": "",
        "cena": "",
        "fotka": "../",
        "kategorie": "REPSUN"
    },
    {
        "nazev": "",
        "url": "",
        "cena": "",
        "fotka": "../",
        "kategorie": "REPSUN"
    },
    {
        "nazev": "",
        "url": "",
        "cena": "",
        "fotka": "../",
        "kategorie": "REPSUN"
    },
    {
        "nazev": "",
        "url": "",
        "cena": "",
        "fotka": "../",
        "kategorie": "REPSUN"
    },
    {
        "nazev": "",
        "url": "",
        "cena": "",
        "fotka": "../",
        "kategorie": "REPSUN"
    },
    {
        "nazev": "",
        "url": "",
        "cena": "",
        "fotka": "../",
        "kategorie": "REPSUN"
    },
    {
        "nazev": "",
        "url": "",
        "cena": "",
        "fotka": "../",
        "kategorie": "REPSUN"
    },
    {
        "nazev": "",
        "url": "",
        "cena": "",
        "fotka": "../",
        "kategorie": "REPSUN"
    },
    {
        "nazev": "",
        "url": "",
        "cena": "",
        "fotka": "../",
        "kategorie": "REPSUN"
    },
    {
        "nazev": "",
        "url": "",
        "cena": "",
        "fotka": "../",
        "kategorie": "REPSUN"
    },
    {
        "nazev": "",
        "url": "",
        "cena": "",
        "fotka": "../",
        "kategorie": "REPSUN"
    },
    {
        "nazev": "",
        "url": "",
        "cena": "",
        "fotka": "../",
        "kategorie": "REPSUN"
    },
    {
        "nazev": "",
        "url": "",
        "cena": "",
        "fotka": "../",
        "kategorie": "REPSUN"
    },
    {
        "nazev": "",
        "url": "",
        "cena": "",
        "fotka": "../",
        "kategorie": "REPSUN"
    },
    {
        "nazev": "",
        "url": "",
        "cena": "",
        "fotka": "../",
        "kategorie": "REPSUN"
    },
    {
        "nazev": "",
        "url": "",
        "cena": "",
        "fotka": "../",
        "kategorie": "REPSUN"
    },
    {
        "nazev": "",
        "url": "",
        "cena": "",
        "fotka": "../",
        "kategorie": "REPSUN"
    },
    {
        "nazev": "",
        "url": "",
        "cena": "",
        "fotka": "../",
        "kategorie": "REPSUN"
    },
    {
        "nazev": "",
        "url": "",
        "cena": "",
        "fotka": "../",
        "kategorie": "REPSUN"
    },
    {
        "nazev": "",
        "url": "",
        "cena": "",
        "fotka": "../",
        "kategorie": "REPSUN"
    }
]