[{
    "nazev": "Stussy Tees 36 Colorways ",
    "url": "https://mulebuy.com/product/?shop_type=weidian&id=7387255341&ref=200168469",
    "cena": "12",
    "fotka": "../imgs/imgs-produktu/u1.jpg",
    "kategorie": "100Cent"
},{
    "nazev": "Stussy Tees 36 Colorways ",
    "url": "https://mulebuy.com/product/?shop_type=weidian&id=7389152012&ref=200168469",
    "cena": "12",
    "fotka": "../imgs/imgs-produktu/u2.jpg",
    "kategorie": "100Cent"
},{
    "nazev": "Stussy Tees 30 Colorways ",
    "url": "https://mulebuy.com/product/?shop_type=weidian&id=7387221231&ref=200168469",
    "cena": "12",
    "fotka": "../imgs/imgs-produktu/u3.jpg",
    "kategorie": "100Cent"
},{
    "nazev": "Stussy Tees 24 Colorways ",
    "url": "https://mulebuy.com/product/?shop_type=weidian&id=7387230975&ref=200168469",
    "cena": "12",
    "fotka": "../imgs/imgs-produktu/u4.jpg",
    "kategorie": "100Cent"
},{
    "nazev": "Stussy More Items ",
    "url": "https://mulebuy.com/product/?shop_type=weidian&id=7389110894&ref=200168469",
    "cena": "12",
    "fotka": "../imgs/imgs-produktu/u5.jpg",
    "kategorie": "100Cent"
},{
    "nazev": "Stussy Hoodies",
    "url": "https://mulebuy.com/product/?shop_type=weidian&id=7387223121&ref=200168469",
    "cena": "21",
    "fotka": "../imgs/imgs-produktu/u6.jpg",
    "kategorie": "100Cent"
},{
    "nazev": "Trapstar Hoodies And Pants",
    "url": "https://mulebuy.com/product/?shop_type=weidian&id=7389191632&ref=200168469",
    "cena": "16",
    "fotka": "../imgs/imgs-produktu/u8.jpg",
    "kategorie": "100Cent"
},{
    "nazev": "Trapstar Jackets",
    "url": "https://mulebuy.com/product/?shop_type=weidian&id=7389091214&ref=200168469",
    "cena": "20",
    "fotka": "../imgs/imgs-produktu/u7.jpg",
    "kategorie": "100Cent"
},{
    "nazev": "Essentials Pants",
    "url": "https://mulebuy.com/product/?shop_type=weidian&id=7387280293&ref=200168469",
    "cena": "13",
    "fotka": "../imgs/imgs-produktu/u9.jpg",
    "kategorie": "100Cent"
},{
    "nazev": "Essentials Tee",
    "url": "https://mulebuy.com/product/?shop_type=weidian&id=7387203397&ref=200168469",
    "cena": "10",
    "fotka": "../imgs/imgs-produktu/u10.jpg",
    "kategorie": "100Cent"
},{
    "nazev": "Essentials Hoodies",
    "url": "https://mulebuy.com/product/?shop_type=weidian&id=7387250645&ref=200168469",
    "cena": "16",
    "fotka": "../imgs/imgs-produktu/u11.jpg",
    "kategorie": "100Cent"
},{
    "nazev": "Essentials 7 Tee" ,
    "url": "https://mulebuy.com/product/?shop_type=weidian&id=7387238843&ref=200168469",
    "cena": "10",
    "fotka": "../imgs/imgs-produktu/u12.jpg",
    "kategorie": "100Cent"
},{
    "nazev": "Essentials Tee",
    "url": "https://mulebuy.com/product/?shop_type=weidian&id=7389122688&ref=200168469",
    "cena": "11",
    "fotka": "../imgs/imgs-produktu/u13.jpg",
    "kategorie": "100Cent"
},{
    "nazev": "Essentials Shorts",
    "url": "https://mulebuy.com/product/?shop_type=weidian&id=7387252687&ref=200168469",
    "cena": "11",
    "fotka": "../imgs/imgs-produktu/u14.jpg",
    "kategorie": "100Cent"
},{
    "nazev": "Essentials Shorts 6 Colorways",
    "url": "https://mulebuy.com/product/?shop_type=weidian&id=7387199453&ref=200168469",
    "cena": "10",
    "fotka": "../imgs/imgs-produktu/u15.jpg",
    "kategorie": "100Cent"
},{
    "nazev": "Essentials Hoodie ",
    "url": "https://mulebuy.com/product/?shop_type=weidian&id=7389069468&ref=200168469",
    "cena": "15",
    "fotka": "../imgs/imgs-produktu/u16.jpg",
    "kategorie": "100Cent"
},{
    "nazev": "Essentials Hoodie Good Batch ",
    "url": "https://mulebuy.com/product/?shop_type=weidian&id=7389120648&ref=200168469",
    "cena": "20",
    "fotka": "../imgs/imgs-produktu/u17.jpg",
    "kategorie": "100Cent"
},{
    "nazev": "Essentials Pants",
    "url": "https://mulebuy.com/product/?shop_type=weidian&id=7389104952&ref=200168469",
    "cena": "14",
    "fotka": "../imgs/imgs-produktu/u18.jpg",
    "kategorie": "100Cent"
},{
    "nazev": "Essentials Tee 3 Colorways",
    "url": "https://mulebuy.com/product/?shop_type=weidian&id=7386827269&ref=200168469",
    "cena": "11",
    "fotka": "../imgs/imgs-produktu/u19.jpg",
    "kategorie": "100Cent"
},{
    "nazev": "Essentials Fear Of God Shorts",
    "url": "https://mulebuy.com/product/?shop_type=weidian&id=7387298079&ref=200168469",
    "cena": "11",
    "fotka": "../imgs/imgs-produktu/u21.jpg",
    "kategorie": "100Cent"
},{
    "nazev": "Essentials Fear Of God Pants ",
    "url": "https://mulebuy.com/product/?shop_type=weidian&id=7387266473&ref=200168469",
    "cena": "14",
    "fotka": "../imgs/imgs-produktu/u20.jpg",
    "kategorie": "100Cent"
},{
    "nazev": "Essentials Fear Of God Hoodie",
    "url": "https://mulebuy.com/product/?shop_type=weidian&id=7387288157&ref=200168469",
    "cena": "16",
    "fotka": "../imgs/imgs-produktu/u22.jpg",
    "kategorie": "100Cent"
},{
    "nazev": "Denim Tears Hoodies And Pants 30 Colorways",
    "url": "https://mulebuy.com/product/?shop_type=weidian&id=7386827273&ref=200168469",
    "cena": "18",
    "fotka": "../imgs/imgs-produktu/u23.jpg",
    "kategorie": "100Cent"
},{
    "nazev": "Denim Tears Tees And Shorts ",
    "url": "https://mulebuy.com/product/?shop_type=weidian&id=7389156156&ref=200168469",
    "cena": "12",
    "fotka": "../imgs/imgs-produktu/u24.jpg",
    "kategorie": "100Cent"
},{
    "nazev": "Big Boy Polar Baggy Jeans ",
    "url": "https://mulebuy.com/product/?shop_type=weidian&id=7389156156&ref=200168469",
    "cena": "15",
    "fotka": "../imgs/imgs-produktu/U25.jpg",
    "kategorie": "TEPLÁKY"
},{
    "nazev": "Jordan 1 GX BATCH ",
    "url": "https://mulebuy.com/product/?shop_type=weidian&id=7389118676&ref=200168469",
    "cena": "75",
    "fotka": "../imgs/imgs-produktu/U26.jpg",
    "kategorie": "100Cent"
},{
    "nazev": "Jordan 1 DT BATCH ",
    "url": "https://mulebuy.com/product/?shop_type=weidian&id=7386831119&ref=200168469",
    "cena": "40",
    "fotka": "../imgs/imgs-produktu/u27.jpg",
    "kategorie": "100Cent"
},{
    "nazev": "Jordan 1 GX BATCH ",
    "url": "https://mulebuy.com/product/?shop_type=weidian&id=7389153858&ref=200168469",
    "cena": "75",
    "fotka": "../imgs/imgs-produktu/u28.jpg",
    "kategorie": "100Cent"
},{
    "nazev": "Jordan 1 KX BATCH ",
    "url": "https://mulebuy.com/product/?shop_type=weidian&id=7389091090&ref=200168469",
    "cena": "34",
    "fotka": "../imgs/imgs-produktu/u29.jpg",
    "kategorie": "100Cent"
},{
    "nazev": "Jordan 1 XP BATCH ",
    "url": "https://mulebuy.com/product/?shop_type=weidian&id=7387193315&ref=200168469",
    "cena": "55",
    "fotka": "../imgs/imgs-produktu/U30.jpg",
    "kategorie": "100Cent"
},{
    "nazev": "Jordan 1 DT BATCH ",
    "url": "https://mulebuy.com/product/?shop_type=weidian&id=7389146228&ref=200168469",
    "cena": "40",
    "fotka": "../imgs/imgs-produktu/U41.jpg",
    "kategorie": "100Cent"
},{
    "nazev": "Jordan 1 DT BATCH ",
    "url": "https://mulebuy.com/product/?shop_type=weidian&id=7389093190&ref=200168469",
    "cena": "40",
    "fotka": "../imgs/imgs-produktu/U42.jpg",
    "kategorie": "100Cent"
},{
    "nazev": "Jordan 1 Low Travis Scott",
    "url": "https://mulebuy.com/product/?shop_type=weidian&id=7387207243&ref=200168469",
    "cena": "30",
    "fotka": "../imgs/imgs-produktu/u43.jpg",
    "kategorie": "100Cent"
},{
    "nazev": "Jordan 3 KX BATCH ",
    "url": "https://mulebuy.com/product/?shop_type=weidian&id=7387277959&ref=200168469",
    "cena": "39",
    "fotka": "../imgs/imgs-produktu/u44.jpg",
    "kategorie": "100Cent"
},{
    "nazev": "Jordan 3 KX BATCH",
    "url": "https://mulebuy.com/product/?shop_type=weidian&id=7389057468&ref=200168469",
    "cena": "40",
    "fotka": "../imgs/imgs-produktu/U45.jpg",
    "kategorie": "100Cent"
},{
    "nazev": "Jordan 4 GX BATCH ",
    "url": "https://mulebuy.com/product/?shop_type=weidian&id=7389162026&ref=200168469",
    "cena": "75",
    "fotka": "../imgs/imgs-produktu/u46.jpg",
    "kategorie": "100Cent"
},{
    "nazev": "Jordan 4 R1 BATCH ",
    "url": "https://mulebuy.com/product/?shop_type=weidian&id=7387197385&ref=200168469",
    "cena": "66",
    "fotka": "../imgs/imgs-produktu/U47.jpg",
    "kategorie": "100Cent"
},{
    "nazev": "Jordan 4 KX BATCH ",
    "url": "https://mulebuy.com/product/?shop_type=weidian&id=7389095028&ref=200168469",
    "cena": "37",
    "fotka": "../imgs/imgs-produktu/U48.jpg",
    "kategorie": "100Cent"
},{
    "nazev": "Nike SB Dunks ",
    "url": "https://mulebuy.com/product/?shop_type=weidian&id=7388719038&ref=200168469",
    "cena": "27",
    "fotka": "../imgs/imgs-produktu/U49.jpg",
    "kategorie": "100Cent"
},{
    "nazev": "Nike Air Max 95",
    "url": "https://mulebuy.com/product/?shop_type=weidian&id=7389104858&ref=200168469",
    "cena": "21",
    "fotka": "../imgs/imgs-produktu/u50.jpg",
    "kategorie": "100Cent"
},{
    "nazev": "Nike Air Max 95",
    "url": "https://mulebuy.com/product/?shop_type=weidian&id=7387221099&ref=200168469",
    "cena": "21",
    "fotka": "../imgs/imgs-produktu/U51.jpg",
    "kategorie": "100Cent"
},{
    "nazev": "Nike Air Max 95",
    "url": "https://mulebuy.com/product/?shop_type=weidian&id=7389158060&ref=200168469",
    "cena": "21",
    "fotka": "../imgs/imgs-produktu/u52.jpg",
    "kategorie": "100Cent"
},{
    "nazev": "Nike Tns ",
    "url": "https://mulebuy.com/product/?shop_type=weidian&id=7387297961&ref=200168469",
    "cena": "23",
    "fotka": "../imgs/imgs-produktu/u53.jpg",
    "kategorie": "100Cent"
},{
    "nazev": "Nike AF1",
    "url": "https://mulebuy.com/product/?shop_type=weidian&id=7387223035&ref=200168469",
    "cena": "29",
    "fotka": "../imgs/imgs-produktu/U54.jpg",
    "kategorie": "100Cent"
},{
    "nazev": "Adidas Gazzele",
    "url": "https://mulebuy.com/product/?shop_type=weidian&id=7389061472&ref=200168469",
    "cena": "33",
    "fotka": "../imgs/imgs-produktu/u55.jpg",
    "kategorie": "100Cent"
},{
    "nazev": "Adidas Campus ",
    "url": "https://mulebuy.com/product/?shop_type=weidian&id=7387223039&ref=200168469",
    "cena": "27",
    "fotka": "../imgs/imgs-produktu/u56.jpg",
    "kategorie": "100Cent"
},{
    "nazev": "Adidas Campus ",
    "url": "https://mulebuy.com/product/?shop_type=weidian&id=7389065388&ref=200168469",
    "cena": "27",
    "fotka": "../imgs/imgs-produktu/u57.jpg",
    "kategorie": "100Cent"
},{
    "nazev": "Adidas Yeezy Foam RNRS",
    "url": "https://mulebuy.com/product/?shop_type=weidian&id=7387262467&ref=200168469",
    "cena": "19",
    "fotka": "../imgs/imgs-produktu/U58.jpg",
    "kategorie": "100Cent"
},{
    "nazev": "Adidas Yeezy Foam RNRS",
    "url": "https://mulebuy.com/product/?shop_type=weidian&id=7387257173&ref=200168469",
    "cena": "11",
    "fotka": "../imgs/imgs-produktu/u59.jpg",
    "kategorie": "100Cent"
},{
    "nazev": "Adidas Yeezy Slide  PT ",
    "url": "https://mulebuy.com/product/?shop_type=weidian&id=7387238879&ref=200168469",
    "cena": "11",
    "fotka": "../imgs/imgs-produktu/u60.jpg",
    "kategorie": "100Cent"
},{
    "nazev": "Adidas Yeezy Boost 350",
    "url": "https://mulebuy.com/product/?shop_type=weidian&id=7389158074&ref=200168469",
    "cena": "35",
    "fotka": "../imgs/imgs-produktu/u61.jpg",
    "kategorie": "100Cent"
},{
    "nazev": "Adidas Yeezy 500 ",
    "url": "https://mulebuy.com/product/?shop_type=weidian&id=7389091136&ref=200168469",
    "cena": "42",
    "fotka": "../imgs/imgs-produktu/u62.jpg",
    "kategorie": "100Cent"
},{
    "nazev": "Adidas Yeezy 700",
    "url": "https://mulebuy.com/product/?shop_type=weidian&id=7389125288&ref=200168469",
    "cena": "42",
    "fotka": "../imgs/imgs-produktu/u63.jpg",
    "kategorie": "100Cent"
},{
    "nazev": "Bape Dunks",
    "url": "https://mulebuy.com/product/?shop_type=weidian&id=7389108790&ref=200168469",
    "cena": "38",
    "fotka": "../imgs/imgs-produktu/u64.jpg",
    "kategorie": "100Cent"
},{
    "nazev": "Bapting Apes",
    "url": "https://mulebuy.com/product/?shop_type=weidian&id=7387288081&ref=200168469",
    "cena": "45",
    "fotka": "../imgs/imgs-produktu/u65.jpg",
    "kategorie": "100Cent"
},{
    "nazev": "Bapting Apes MARVEL " ,
    "url": "https://mulebuy.com/product/?shop_type=weidian&id=7387185513&ref=200168469",
    "cena": "45",
    "fotka": "../imgs/imgs-produktu/U66.jpg",
    "kategorie": "100Cent"
},{
    "nazev": "Bape Dunks ",
    "url": "https://mulebuy.com/product/?shop_type=weidian&id=7386813257&ref=200168469",
    "cena": "40",
    "fotka": "../imgs/imgs-produktu/u67.jpg",
    "kategorie": "100Cent"
},{
    "nazev": "Balenciaga Runners",
    "url": "https://mulebuy.com/product/?shop_type=weidian&id=7387261099&ref=200168469",
    "cena": "72",
    "fotka": "../imgs/imgs-produktu/u68.jpg",
    "kategorie": "100Cent"
},{
    "nazev": "Balenciaga Tracks",
    "url": "https://mulebuy.com/product/?shop_type=weidian&id=7387230937&ref=200168469",
    "cena": "66",
    "fotka": "../imgs/imgs-produktu/u69.jpg",
    "kategorie": "100Cent"
},{
    "nazev": "Balenciaga Runners",
    "url": "https://mulebuy.com/product/?shop_type=weidian&id=7387294081&ref=200168469",
    "cena": "64",
    "fotka": "../imgs/imgs-produktu/U70.jpg",
    "kategorie": "100Cent"
},{
    "nazev": "balenciaga Led Tracks",
    "url": "https://mulebuy.com/product/?shop_type=weidian&id=7389125296&ref=200168469",
    "cena": "45",
    "fotka": "../imgs/imgs-produktu/u71.jpg",
    "kategorie": "100Cent"
},{
    "nazev": "Balenciaga Defenders",
    "url": "https://mulebuy.com/product/?shop_type=weidian&id=7389079352&ref=200168469",
    "cena": "75",
    "fotka": "../imgs/imgs-produktu/u72.jpg",
    "kategorie": "100Cent"
},{
    "nazev": "Balenciaga Tracks",
    "url": "https://mulebuy.com/product/?shop_type=weidian&id=7389125296&ref=200168469",
    "cena": "45",
    "fotka": "../imgs/imgs-produktu/u73.png",
    "kategorie": "100Cent"
},{
    "nazev": "LW Skates",
    "url": "https://mulebuy.com/product/?shop_type=weidian&id=7389169760&ref=200168469",
    "cena": "73",
    "fotka": "../imgs/imgs-produktu/u74.jpg",
    "kategorie": "100Cent"
},{
    "nazev": "New Balance Shoes",
    "url": "https://mulebuy.com/product/?shop_type=weidian&id=7389151984&ref=200168469",
    "cena": "37",
    "fotka": "../imgs/imgs-produktu/u75.jpg",
    "kategorie": "100Cent"
},{
    "nazev": "Birkenstock Shoes",
    "url": "https://mulebuy.com/product/?shop_type=weidian&id=7389057576&ref=200168469",
    "cena": "27",
    "fotka": "../imgs/imgs-produktu/u76.jpg",
    "kategorie": "100Cent"
},{
    "nazev": "Birkenstock Shoes",
    "url": "https://mulebuy.com/product/?shop_type=weidian&id=7389151990&ref=200168469",
    "cena": "28",
    "fotka": "../imgs/imgs-produktu/U77.jpg",
    "kategorie": "100Cent"
},{
    "nazev": "Birkenstock Shoes",
    "url": "https://mulebuy.com/product/?shop_type=weidian&id=7389136448&ref=200168469",
    "cena": "29",
    "fotka": "../imgs/imgs-produktu/U78.jpg",
    "kategorie": "100Cent"
},{
    "nazev": "Birkenstock Shoes",
    "url": "https://mulebuy.com/product/?shop_type=weidian&id=7389104926&ref=200168469",
    "cena": "29",
    "fotka": "../imgs/imgs-produktu/U79.jpg",
    "kategorie": "100Cent"
},{
    "nazev": "Birkenstock Shoes",
    "url": "https://mulebuy.com/product/?shop_type=weidian&id=7387288129&ref=200168469",
    "cena": "29",
    "fotka": "../imgs/imgs-produktu/u80.jpg",
    "kategorie": "100Cent"
},{
    "nazev": "Birkenstock Shoes",
    "url": "https://mulebuy.com/product/?shop_type=weidian&id=7389063526&ref=200168469",
    "cena": "30",
    "fotka": "../imgs/imgs-produktu/u81.jpg",
    "kategorie": "100Cent"
},{
    "nazev": "Birkenstock Shoes",
    "url": "https://mulebuy.com/product/?shop_type=weidian&id=7387228943&ref=200168469",
    "cena": "30",
    "fotka": "../imgs/imgs-produktu/u82.jpg",
    "kategorie": "100Cent"
},{
    "nazev": "Birkenstock Shoes",
    "url": "https://mulebuy.com/product/?shop_type=weidian&id=7387205339&ref=200168469",
    "cena": "30",
    "fotka": "../imgs/imgs-produktu/u83.jpg",
    "kategorie": "100Cent"
},{
    "nazev": "Birkenstock Shoes",
    "url": "https://mulebuy.com/product/?shop_type=weidian&id=7389114836&ref=200168469",
    "cena": "26",
    "fotka": "../imgs/imgs-produktu/u84.jpg",
    "kategorie": "100Cent"
},{
    "nazev": "Birkenstock Shoes",
    "url": "https://mulebuy.com/product/?shop_type=weidian&id=7389077344&ref=200168469",
    "cena": "26",
    "fotka": "../imgs/imgs-produktu/u85.jpg",
    "kategorie": "100Cent"
},{
    "nazev": "Jordan 1 Mid Batche Travis Scott Hight Blue",
    "url": "https://mulebuy.com/product/?shop_type=weidian&id=7389173668&ref=200168469",
    "cena": "58",
    "fotka": "../imgs/imgs-produktu/u86.jpg",
    "kategorie": "100Cent"
},{
    "nazev": "Jordan 1 Mid Batch Travis Scott Dark Mocha ",
    "url": "https://mulebuy.com/product/?shop_type=weidian&id=7389173668&ref=200168469",
    "cena": "58",
    "fotka": "../imgs/imgs-produktu/u87.jpg",
    "kategorie": "100Cent"
},{
    "nazev": "Jordan 1 Mid Batch Hight Brown Mocha  ",
    "url": "https://mulebuy.com/product/?shop_type=weidian&id=7389173668&ref=200168469",
    "cena": "58",
    "fotka": "../imgs/imgs-produktu/u88.jpg",
    "kategorie": "100Cent"
},{
    "nazev": "Jordan 1 Mid Batch Hight Mocha",
    "url": "https://mulebuy.com/product/?shop_type=weidian&id=7389173668&ref=200168469",
    "cena": "58",
    "fotka": "../imgs/imgs-produktu/u89.jpg",
    "kategorie": "100Cent"
},{
    "nazev": "Jordan 1 Mid Batch Hight Chicago",
    "url": "https://mulebuy.com/product/?shop_type=weidian&id=7389173668&ref=200168469",
    "cena": "58",
    "fotka": "../imgs/imgs-produktu/u90.jpg",
    "kategorie": "100Cent"
},{
    "nazev": "Jordan 1 Mid Batch Hight Serpentine ",
    "url": "https://mulebuy.com/product/?shop_type=weidian&id=7389173668&ref=200168469",
    "cena": "58",
    "fotka": "../imgs/imgs-produktu/u91.jpg",
    "kategorie": "100Cent"
},{
    "nazev": "Jordan 1 Mid Batch Hight Panda",
    "url": "https://mulebuy.com/product/?shop_type=weidian&id=7389173668&ref=200168469",
    "cena": "58",
    "fotka": "../imgs/imgs-produktu/u92.jpg",
    "kategorie": "100Cent"
},{
    "nazev": "Jordan 1 Mid Batch Hight Lucky Green",
    "url": "https://mulebuy.com/product/?shop_type=weidian&id=7389173668&ref=200168469",
    "cena": "58",
    "fotka": "../imgs/imgs-produktu/u93.jpg",
    "kategorie": "100Cent"
},{
    "nazev": "Jordan 1 Mid Batch Hight Patent Bred",
    "url": "https://mulebuy.com/product/?shop_type=weidian&id=7389173668&ref=200168469",
    "cena": "58",
    "fotka": "../imgs/imgs-produktu/u94.jpg",
    "kategorie": "100Cent"
},{
    "nazev": "Jordan 1 Mid Batch Hight North Carolina Blue and Black Toe",
    "url": "https://mulebuy.com/product/?shop_type=weidian&id=7389173668&ref=200168469",
    "cena": "58",
    "fotka": "../imgs/imgs-produktu/u95.jpg",
    "kategorie": "100Cent"
},{
    "nazev": "Jordan 1 Mid Batch Hight Obsidian ",
    "url": "https://mulebuy.com/product/?shop_type=weidian&id=7389173668&ref=200168469",
    "cena": "58",
    "fotka": "../imgs/imgs-produktu/U96.jpg",
    "kategorie": "100Cent"
},{
    "nazev": "Jordan 1 Mid Batch Hight Black Orange",
    "url": "https://mulebuy.com/product/?shop_type=weidian&id=7389173668&ref=200168469",
    "cena": "58",
    "fotka": "../imgs/imgs-produktu/u97.jpg",
    "kategorie": "100Cent"
},{
    "nazev": "Jordan 1 Mid Batch Hight Rookie",
    "url": "https://mulebuy.com/product/?shop_type=weidian&id=7389173668&ref=200168469",
    "cena": "58",
    "fotka": "../imgs/imgs-produktu/u98.jpg",
    "kategorie": "100Cent"
},{
    "nazev": "Jordan 1 Mid Batch Hight University Blue ",
    "url": "https://mulebuy.com/product/?shop_type=weidian&id=7389173668&ref=200168469",
    "cena": "58",
    "fotka": "../imgs/imgs-produktu/u99.jpg",
    "kategorie": "100Cent"
},{
    "nazev": "Jordan 1 Mid Batch Hight Chicago",
    "url": "https://mulebuy.com/product/?shop_type=weidian&id=7389173668&ref=200168469",
    "cena": "58",
    "fotka": "../imgs/imgs-produktu/u100.jpg",
    "kategorie": "100Cent"
},{
    "nazev": "Jordan 1 Mid Batch Hight Black and Red Toes ",
    "url": "https://mulebuy.com/product/?shop_type=weidian&id=7389173668&ref=200168469",
    "cena": "58",
    "fotka": "../imgs/imgs-produktu/u101.jpg",
    "kategorie": "100Cent"
},{
    "nazev": "Jordan 1 Mid Batch Hight Green Toe",
    "url": "https://mulebuy.com/product/?shop_type=weidian&id=7389173668&ref=200168469",
    "cena": "58",
    "fotka": "../imgs/imgs-produktu/U102.jpg",
    "kategorie": "100Cent"
},{
    "nazev": "Jordan 1 Mid Batch Hight Sea Foam",
    "url": "https://mulebuy.com/product/?shop_type=weidian&id=7389173668&ref=200168469",
    "cena": "58",
    "fotka": "../imgs/imgs-produktu/u103.jpg",
    "kategorie": "100Cent"
},{
    "nazev": "Jordan 1 Mid Batch Hight Black Toe",
    "url": "https://mulebuy.com/product/?shop_type=weidian&id=7389173668&ref=200168469",
    "cena": "58",
    "fotka": "../imgs/imgs-produktu/u104.jpg",
    "kategorie": "100Cent"
},{
    "nazev": "Jordan 1 Mid Batch Hight Crown Black and Red",
    "url": "https://mulebuy.com/product/?shop_type=weidian&id=7389173668&ref=200168469",
    "cena": "58",
    "fotka": "../imgs/imgs-produktu/u105.jpg",
    "kategorie": "100Cent"
},{
    "nazev": "Jordan 1 Mid Batch Hight Bred",
    "url": "https://mulebuy.com/product/?shop_type=weidian&id=7389173668&ref=200168469",
    "cena": "58",
    "fotka": "../imgs/imgs-produktu/u106.jpg",
    "kategorie": "100Cent"
},{
    "nazev": "Jordan 1 Mid Batch Hight Blue Black Red",
    "url": "https://mulebuy.com/product/?shop_type=weidian&id=7389173668&ref=200168469",
    "cena": "58",
    "fotka": "../imgs/imgs-produktu/u107.jpg",
    "kategorie": "100Cent"
},{
    "nazev": "Jordan 1 Mid Batch Hight Spliced black and white red",
    "url": "https://mulebuy.com/product/?shop_type=weidian&id=7389173668&ref=200168469",
    "cena": "58",
    "fotka": "../imgs/imgs-produktu/u108.jpg",
    "kategorie": "100Cent"
},{
    "nazev": "Jordan 1 KX Batch ",
    "url": "https://mulebuy.com/product/?shop_type=weidian&id=7389091090&ref=200168469",
    "cena": "30",
    "fotka": "../",
    "kategorie": "100Cent"
},{
    "nazev": "Jordan 1 KX Batch ",
    "url": "https://mulebuy.com/product/?shop_type=weidian&id=7389091090&ref=200168469",
    "cena": "30",
    "fotka": "../",
    "kategorie": "100Cent"
},{
    "nazev": "Jordan 1 KX Batch ",
    "url": "https://mulebuy.com/product/?shop_type=weidian&id=7389091090&ref=200168469",
    "cena": "30",
    "fotka": "../",
    "kategorie": "100Cent"
},{
    "nazev": "Jordan 1 KX Batch SPIDER-MAN ACROSS THE SPIDER-VERSE ",
    "url": "https://mulebuy.com/product/?shop_type=weidian&id=7389091090&ref=200168469",
    "cena": "30",
    "fotka": "../imgs/imgs-produktu/u109.jpg",
    "kategorie": "100Cent"
},{
    "nazev": "Jordan 1 KX Batch OFF-WHITE UNIVERSITY BLUE ",
    "url": "https://mulebuy.com/product/?shop_type=weidian&id=7389091090&ref=200168469",
    "cena": "30",
    "fotka": "../imgs/imgs-produktu/u110.jpg",
    "kategorie": "100Cent"
},{
    "nazev": "Jordan 1 KX Batch Denim ",
    "url": "https://mulebuy.com/product/?shop_type=weidian&id=7389091090&ref=200168469",
    "cena": "30",
    "fotka": "../imgs/imgs-produktu/u111.jpg",
    "kategorie": "100Cent"
},{
    "nazev": "Jordan 1 KX Batch OFF-WHITE CHICAGO ",
    "url": "https://mulebuy.com/product/?shop_type=weidian&id=7389091090&ref=200168469",
    "cena": "30",
    "fotka": "../imgs/imgs-produktu/u112.jpg",
    "kategorie": "100Cent"
},{
    "nazev": "Jordan 1 KX Batch StarFish ",
    "url": "https://mulebuy.com/product/?shop_type=weidian&id=7389091090&ref=200168469",
    "cena": "30",
    "fotka": "../imgs/imgs-produktu/u113.jpg",
    "kategorie": "100Cent"
},{
    "nazev": "Jordan 1 KX Batch OFF-WHITE EURO ",
    "url": "https://mulebuy.com/product/?shop_type=weidian&id=7389091090&ref=200168469",
    "cena": "30",
    "fotka": "../imgs/imgs-produktu/u114.jpg",
    "kategorie": "100Cent"
},{
    "nazev": "Jordan 1 KX Batch ",
    "url": "https://mulebuy.com/product/?shop_type=weidian&id=7389091090&ref=200168469",
    "cena": "30",
    "fotka": "../",
    "kategorie": "100Cent"
},{
    "nazev": "Jordan 1 KX Batch TURBO GREEN",
    "url": "https://mulebuy.com/product/?shop_type=weidian&id=7389091090&ref=200168469",
    "cena": "30",
    "fotka": "../imgs/imgs-produktu/U115.jpg",
    "kategorie": "100Cent"
},{
    "nazev": "Jordan 1 KX Batch GEORGETOWN",
    "url": "https://mulebuy.com/product/?shop_type=weidian&id=7389091090&ref=200168469",
    "cena": "30",
    "fotka": "../imgs/imgs-produktu/u116.jpg",
    "kategorie": "100Cent"
},{
    "nazev": "Jordan 1 KX Batch HYPER ROYAL SMOKE GREY ",
    "url": "https://mulebuy.com/product/?shop_type=weidian&id=7389091090&ref=200168469",
    "cena": "30",
    "fotka": "../imgs/imgs-produktu/u117.jpg",
    "kategorie": "100Cent"
},{
    "nazev": "Jordan 1 KX Batch ROYAL",
    "url": "https://mulebuy.com/product/?shop_type=weidian&id=7389091090&ref=200168469",
    "cena": "30",
    "fotka": "../imgs/imgs-produktu/u118.jpg",
    "kategorie": "100Cent"
},{
    "nazev": "Jordan 1 KX Batch MIDNIGHT NAVY",
    "url": "https://mulebuy.com/product/?shop_type=weidian&id=7389091090&ref=200168469",
    "cena": "30",
    "fotka": "../imgs/imgs-produktu/u119.jpg",
    "kategorie": "100Cent"
},{
    "nazev": "Jordan 1 KX Batch UNC PATENT  ",
    "url": "https://mulebuy.com/product/?shop_type=weidian&id=7389091090&ref=200168469",
    "cena": "30",
    "fotka": "../imgs/imgs-produktu/u120.jpg",
    "kategorie": "100Cent"
},{
    "nazev": "Jordan 1 KX Batch ATMOSPHERE",
    "url": "https://mulebuy.com/product/?shop_type=weidian&id=7389091090&ref=200168469",
    "cena": "30",
    "fotka": "../imgs/imgs-produktu/u121.jpg",
    "kategorie": "100Cent"
},{
    "nazev": "Jordan 1 KX Batch SHADOW",
    "url": "https://mulebuy.com/product/?shop_type=weidian&id=7389091090&ref=200168469",
    "cena": "30",
    "fotka": "../imgs/imgs-produktu/u122.jpg",
    "kategorie": "100Cent"
},{
    "nazev": "Jordan 1 KX Batch SHADOW 2.0",
    "url": "https://mulebuy.com/product/?shop_type=weidian&id=7389091090&ref=200168469",
    "cena": "30",
    "fotka": "../imgs/imgs-produktu/u123.jpg",
    "kategorie": "100Cent"
},{
    "nazev": "Jordan 1 KX Batch SEAFOAM  ",
    "url": "https://mulebuy.com/product/?shop_type=weidian&id=7389091090&ref=200168469",
    "cena": "30",
    "fotka": "../imgs/imgs-produktu/u124.jpg",
    "kategorie": "100Cent"
},{
    "nazev": "Jordan 1 KX Batch Taxi ",
    "url": "https://mulebuy.com/product/?shop_type=weidian&id=7389091090&ref=200168469",
    "cena": "30",
    "fotka": "../imgs/imgs-produktu/u125.jpg",
    "kategorie": "100Cent"
},{
    "nazev": "Jordan 1 KX Batch PHANTOM GYM RED",
    "url": "https://mulebuy.com/product/?shop_type=weidian&id=7389091090&ref=200168469",
    "cena": "30",
    "fotka": "../imgs/imgs-produktu/u126.jpg",
    "kategorie": "100Cent"
},{
    "nazev": "Jordan 1 KX Batch WASHED PINK  ",
    "url": "https://mulebuy.com/product/?shop_type=weidian&id=7389091090&ref=200168469",
    "cena": "30",
    "fotka": "../imgs/imgs-produktu/u127.jpg",
    "kategorie": "100Cent"
},{
    "nazev": "Jordan 4 PK Batch Black Cats ",
    "url": "https://mulebuy.com/product/?shop_type=weidian&id=7387305625&ref=200168469",
    "cena": "58",
    "fotka": "../imgs/imgs-produktu/U128.jpg",
    "kategorie": "100Cent"
},{
    "nazev": "Jordan 4 PK Batch Red Thunders ",
    "url": "https://mulebuy.com/product/?shop_type=weidian&id=7387305625&ref=200168469",
    "cena": "58",
    "fotka": "../imgs/imgs-produktu/u129.jpg",
    "kategorie": "100Cent"
},{
    "nazev": "Jordan 4 PK White Oreos",
    "url": "https://mulebuy.com/product/?shop_type=weidian&id=7387305625&ref=200168469",
    "cena": "58",
    "fotka": "../imgs/imgs-produktu/u130.jpg",
    "kategorie": "100Cent"
},{
    "nazev": "Jordan 4 PK Batch Military Black",
    "url": "https://mulebuy.com/product/?shop_type=weidian&id=7387305625&ref=200168469",
    "cena": "58",
    "fotka": "../imgs/imgs-produktu/u131.jpg",
    "kategorie": "100Cent"
},{
    "nazev": "Jordan 4 PK Batch Breds",
    "url": "https://mulebuy.com/product/?shop_type=weidian&id=7387305625&ref=200168469",
    "cena": "58",
    "fotka": "../imgs/imgs-produktu/u132.jpg",
    "kategorie": "100Cent"
},{
    "nazev": "Jordan 4 PK Batch Flame Red",
    "url": "https://mulebuy.com/product/?shop_type=weidian&id=7387305625&ref=200168469",
    "cena": "58",
    "fotka": "../imgs/imgs-produktu/u133.jpg",
    "kategorie": "100Cent"
},{
    "nazev": "Jordan 4 PK Batch White Cements",
    "url": "https://mulebuy.com/product/?shop_type=weidian&id=7387305625&ref=200168469",
    "cena": "58",
    "fotka": "../imgs/imgs-produktu/u134.jpg",
    "kategorie": "100Cent"
},{
    "nazev": "Jordan 4 PK Batch Metalic Purple",
    "url": "https://mulebuy.com/product/?shop_type=weidian&id=7387305625&ref=200168469",
    "cena": "58",
    "fotka": "../imgs/imgs-produktu/u135.jpg",
    "kategorie": "100Cent"
},{
    "nazev": "Jordan 4 PK Batch UNCS ",
    "url": "https://mulebuy.com/product/?shop_type=weidian&id=7387305625&ref=200168469",
    "cena": "58",
    "fotka": "../imgs/imgs-produktu/U136.jpg",
    "kategorie": "100Cent"
},{
    "nazev": "Jordan 4 PK Batch Metalic Whites",
    "url": "https://mulebuy.com/product/?shop_type=weidian&id=7387305625&ref=200168469",
    "cena": "58",
    "fotka": "../imgs/imgs-produktu/U137.jpg",
    "kategorie": "100Cent"
},{
    "nazev": "Jordan 4 PK Batch HUANG DIANMU ",
    "url": "https://mulebuy.com/product/?shop_type=weidian&id=7387305625&ref=200168469",
    "cena": "58",
    "fotka": "../imgs/imgs-produktu/u138.jpg",
    "kategorie": "100Cent"
},{
    "nazev": "Jordan 4 PK Batch Blue Navy",
    "url": "https://mulebuy.com/product/?shop_type=weidian&id=7387305625&ref=200168469",
    "cena": "58",
    "fotka": "../imgs/imgs-produktu/U139.jpg",
    "kategorie": "100Cent"
},{
    "nazev": "Jordan 4 PK Batch Cool Grey",
    "url": "https://mulebuy.com/product/?shop_type=weidian&id=7387305625&ref=200168469",
    "cena": "58",
    "fotka": "../imgs/imgs-produktu/u140.jpg",
    "kategorie": "100Cent"
},{
    "nazev": "Jordan 4 PK Batch MOCHA TOUPE HAZE",
    "url": "https://mulebuy.com/product/?shop_type=weidian&id=7387305625&ref=200168469",
    "cena": "58",
    "fotka": "../imgs/imgs-produktu/u141.jpg",
    "kategorie": "100Cent"
},{
    "nazev": "Jordan 4 PK Batch Yellow Thunders",
    "url": "https://mulebuy.com/product/?shop_type=weidian&id=7387305625&ref=200168469",
    "cena": "58",
    "fotka": "../imgs/imgs-produktu/u142.jpg",
    "kategorie": "100Cent"
},{
    "nazev": "Jordan 4 PK Batch White Thunders ",
    "url": "https://mulebuy.com/product/?shop_type=weidian&id=7387305625&ref=200168469",
    "cena": "58",
    "fotka": "../imgs/imgs-produktu/u143.jpg",
    "kategorie": "100Cent"
},{
    "nazev": "Yeezy Foam RNRS ",
    "url": "https://mulebuy.com/product/?shop_type=weidian&id=7387262467&ref=200168469",
    "cena": "17",
    "fotka": "../",
    "kategorie": "100Cent"
},{
    "nazev": "Yeezy Foam RNRS MX CARBON ",
    "url": "https://mulebuy.com/product/?shop_type=weidian&id=7387262467&ref=200168469",
    "cena": "17",
    "fotka": "../imgs/imgs-produktu/U144.jpg",
    "kategorie": "100Cent"
},{
    "nazev": "Yeezy Foam RNRS SULFUR BEIGE ",
    "url": "https://mulebuy.com/product/?shop_type=weidian&id=7387262467&ref=200168469",
    "cena": "17",
    "fotka": "../imgs/imgs-produktu/u145.jpg",
    "kategorie": "100Cent"
},{
    "nazev": "Yeezy Foam RNRS STONE SAGE SALVIA ",
    "url": "https://mulebuy.com/product/?shop_type=weidian&id=7387262467&ref=200168469",
    "cena": "17",
    "fotka": "../imgs/imgs-produktu/u147.jpg",
    "kategorie": "100Cent"
},{
    "nazev": "Yeezy Foam RNRS MIST TAN ",
    "url": "https://mulebuy.com/product/?shop_type=weidian&id=7387262467&ref=200168469",
    "cena": "17",
    "fotka": "../imgs/imgs-produktu/u146.jpg",
    "kategorie": "100Cent"
},{
    "nazev": "Yeezy Foam RNRS ONYX ",
    "url": "https://mulebuy.com/product/?shop_type=weidian&id=7387262467&ref=200168469",
    "cena": "17",
    "fotka": "../imgs/imgs-produktu/u148.jpg",
    "kategorie": "100Cent"
},{
    "nazev": "Yeezy Foam RNRS VERMILION RED ",
    "url": "https://mulebuy.com/product/?shop_type=weidian&id=7387262467&ref=200168469",
    "cena": "17",
    "fotka": "../imgs/imgs-produktu/U149.jpg",
    "kategorie": "100Cent"
},{
    "nazev": "Yeezy Foam RNRS OCHRE YELLOWISH BROWN",
    "url": "https://mulebuy.com/product/?shop_type=weidian&id=7387262467&ref=200168469",
    "cena": "17",
    "fotka": "../imgs/imgs-produktu/u150.jpg",
    "kategorie": "100Cent"
},{
    "nazev": "Yeezy Foam RNRS MX SAND GREY BLUE BROWN ",
    "url": "https://mulebuy.com/product/?shop_type=weidian&id=7387262467&ref=200168469",
    "cena": "17",
    "fotka": "../imgs/imgs-produktu/u151.jpg",
    "kategorie": "100Cent"
},{
    "nazev": "Yeezy Foam RNRS MINERAL BLUE MIDNIGHT BLUE",
    "url": "https://mulebuy.com/product/?shop_type=weidian&id=7387262467&ref=200168469",
    "cena": "17",
    "fotka": "../imgs/imgs-produktu/u152.jpg",
    "kategorie": "100Cent"
},{
    "nazev": "Yeezy Foam RNRS MX CREAM CLAY ",
    "url": "https://mulebuy.com/product/?shop_type=weidian&id=7387262467&ref=200168469",
    "cena": "17",
    "fotka": "../imgs/imgs-produktu/u153.jpg",
    "kategorie": "100Cent"
},{
    "nazev": "Yeezy Foam RNRS SAND ",
    "url": "https://mulebuy.com/product/?shop_type=weidian&id=7387262467&ref=200168469",
    "cena": "17",
    "fotka": "../imgs/imgs-produktu/u154.jpg",
    "kategorie": "100Cent"
},{
    "nazev": "Yeezy Foam RNRS MXT MOON GREY CAMOUFLAGE ",
    "url": "https://mulebuy.com/product/?shop_type=weidian&id=7387262467&ref=200168469",
    "cena": "17",
    "fotka": "../imgs/imgs-produktu/U155.jpg",
    "kategorie": "100Cent"
},{
    "nazev": "Trapstar Hoodie/Pants Black Shooters Hoodie",
    "url": "https://mulebuy.com/product/?shop_type=weidian&id=7387238873&ref=200168469",
    "cena": "15",
    "fotka": "../imgs/imgs-produktu/u156.jpg",
    "kategorie": "100Cent"
},{
    "nazev": "Trapstar Hoodie/Pants Gray Shooters Hoodie",
    "url": "https://mulebuy.com/product/?shop_type=weidian&id=7387238873&ref=200168469",
    "cena": "15",
    "fotka": "../imgs/imgs-produktu/u157.jpg",
    "kategorie": "100Cent"
},{
    "nazev": "Trapstar Hoodie/Pants Black Shooters Pants",
    "url": "https://mulebuy.com/product/?shop_type=weidian&id=7387238873&ref=200168469",
    "cena": "15",
    "fotka": "../imgs/imgs-produktu/u158.jpg",
    "kategorie": "100Cent"
},{
    "nazev": "Trapstar Hoodie/Pants Gray Shooters Pants ",
    "url": "https://mulebuy.com/product/?shop_type=weidian&id=7387238873&ref=200168469",
    "cena": "15",
    "fotka": "../imgs/imgs-produktu/u159.jpg",
    "kategorie": "100Cent"
},{
    "nazev": "Trapstar Hoodie/Pants Black Blue Hoodie",
    "url": "https://mulebuy.com/product/?shop_type=weidian&id=7387238873&ref=200168469",
    "cena": "15",
    "fotka": "..imgs/imgs-produktu/u160.jpg/",
    "kategorie": "100Cent"
},{
    "nazev": "Trapstar Hoodie/Pants Gray Blue Hoodie",
    "url": "https://mulebuy.com/product/?shop_type=weidian&id=7387238873&ref=200168469",
    "cena": "15",
    "fotka": "../imgs/imgs-produktu/u161.jpg",
    "kategorie": "100Cent"
},{
    "nazev": "Trapstar Hoodie/Pants Black Blue Pants",
    "url": "https://mulebuy.com/product/?shop_type=weidian&id=7387238873&ref=200168469",
    "cena": "15",
    "fotka": "../imgs/imgs-produktu/u162.jpg",
    "kategorie": "100Cent"
},{
    "nazev": "Trapstar Hoodie/Pants Gray Blue Pants",
    "url": "https://mulebuy.com/product/?shop_type=weidian&id=7387238873&ref=200168469",
    "cena": "15",
    "fotka": "../imgs/imgs-produktu/u163.jpg",
    "kategorie": "100Cent"
},{
    "nazev": "Trapstar Hoodie/Pants Black White/Blue Hoodie",
    "url": "https://mulebuy.com/product/?shop_type=weidian&id=7387238873&ref=200168469",
    "cena": "15",
    "fotka": "../imgs/imgs-produktu/u164.jpg",
    "kategorie": "100Cent"
},{
    "nazev": "Trapstar Hoodie/Pants Gray White/Blue Hoodie",
    "url": "https://mulebuy.com/product/?shop_type=weidian&id=7387238873&ref=200168469",
    "cena": "15",
    "fotka": "../imgs/imgs-produktu/u165.jpg",
    "kategorie": "100Cent"
},{
    "nazev": "Trapstar Hoodie/Pants Blue White/Blue Hoodie",
    "url": "https://mulebuy.com/product/?shop_type=weidian&id=7387238873&ref=200168469",
    "cena": "15",
    "fotka": "../imgs/imgs-produktu/u166.jpg",
    "kategorie": "100Cent"
},{
    "nazev": "Trapstar Hoodie/Pants Aqua White/Blue Hoodie",
    "url": "https://mulebuy.com/product/?shop_type=weidian&id=7387238873&ref=200168469",
    "cena": "15",
    "fotka": "../imgs/imgs-produktu/u167.jpg",
    "kategorie": "100Cent"
},{
    "nazev": "Trapstar Hoodie/Pants Blue White/Blue Pants",
    "url": "https://mulebuy.com/product/?shop_type=weidian&id=7387238873&ref=200168469",
    "cena": "15",
    "fotka": "../imgs/imgs-produktu/u168.jpg",
    "kategorie": "100Cent"
},{
    "nazev": "Trapstar Hoodie/Pants Aqua White/Blue Pants",
    "url": "https://mulebuy.com/product/?shop_type=weidian&id=7387238873&ref=200168469",
    "cena": "15",
    "fotka": "../imgs/imgs-produktu/u169.jpg",
    "kategorie": "100Cent"
},{
    "nazev": "Trapstar Hoodie/Pants Black/Yellow Hoodie",
    "url": "https://mulebuy.com/product/?shop_type=weidian&id=7387238873&ref=200168469",
    "cena": "15",
    "fotka": "../imgs/imgs-produktu/u170.jpg",
    "kategorie": "100Cent"
},{
    "nazev": "Trapstar Hoodie/Pants Black/Yellow Pants",
    "url": "https://mulebuy.com/product/?shop_type=weidian&id=7387238873&ref=200168469",
    "cena": "15",
    "fotka": "../imgs/imgs-produktu/u171.jpg",
    "kategorie": "100Cent"
},{
    "nazev": "Trapstar Hoodie/Pants Black Black/Grey Hoodie",
    "url": "https://mulebuy.com/product/?shop_type=weidian&id=7387238873&ref=200168469",
    "cena": "15",
    "fotka": "../imgs/imgs-produktu/u172.jpg",
    "kategorie": "100Cent"
},{
    "nazev": "Trapstar Hoodie/Pants Gray Black/Grey Hoodie",
    "url": "https://mulebuy.com/product/?shop_type=weidian&id=7387238873&ref=200168469",
    "cena": "15",
    "fotka": "../imgs/imgs-produktu/u173.jpg",
    "kategorie": "100Cent"
},{
    "nazev": "Trapstar Hoodie/Pants Black Black/Grey Pants ",
    "url": "https://mulebuy.com/product/?shop_type=weidian&id=7387238873&ref=200168469",
    "cena": "15",
    "fotka": "../imgs/imgs-produktu/u174.jpg",
    "kategorie": "100Cent"
},{
    "nazev": "Trapstar Hoodie/Pants Gray Black/Grey Pants",
    "url": "https://mulebuy.com/product/?shop_type=weidian&id=7387238873&ref=200168469",
    "cena": "15",
    "fotka": "../imgs/imgs-produktu/u175.jpg",
    "kategorie": "100Cent"
},{
    "nazev": "Trapstar Hoodie/Pants Blue Shooters Hoodie",
    "url": "https://mulebuy.com/product/?shop_type=weidian&id=7387238873&ref=200168469",
    "cena": "15",
    "fotka": "../imgs/imgs-produktu/u176.jpg",
    "kategorie": "100Cent"
},{
    "nazev": "Trapstar Hoodie/Pants Blue Shooters Pants ",
    "url": "https://mulebuy.com/product/?shop_type=weidian&id=7387238873&ref=200168469",
    "cena": "15",
    "fotka": "../imgs/imgs-produktu/u177.jpg",
    "kategorie": "100Cent"
},{
    "nazev": "Trapstar Hoodie/Pants Blue Lightings Black Hoodie",
    "url": "https://mulebuy.com/product/?shop_type=weidian&id=7387238873&ref=200168469",
    "cena": "15",
    "fotka": "../imgs/imgs-produktu/u178.jpg",
    "kategorie": "100Cent"
},{
    "nazev": "Trapstar Hoodie/Pants Blue Lightings Black Pants",
    "url": "https://mulebuy.com/product/?shop_type=weidian&id=7387238873&ref=200168469",
    "cena": "15",
    "fotka": "../imgs/imgs-produktu/u179.jpg",
    "kategorie": "100Cent"
},{
    "nazev": "Trapstar Hoodie/Pants Black Trapstar Shooters Hoodie",
    "url": "https://mulebuy.com/product/?shop_type=weidian&id=7387238873&ref=200168469",
    "cena": "15",
    "fotka": "../imgs/imgs-produktu/u180.jpg",
    "kategorie": "100Cent"
},{
    "nazev": "Trapstar Hoodie/Pants Black Trapstar Shooters Pants",
    "url": "https://mulebuy.com/product/?shop_type=weidian&id=7387238873&ref=200168469",
    "cena": "15",
    "fotka": "../imgs/imgs-produktu/u181.jpg",
    "kategorie": "100Cent"
},{
    "nazev": "Trapstar Hoodie/Pants Gray Trapstar Shooters Hoodie",
    "url": "https:/mulebuy.com/product/?shop_type=weidian&id=7387238873&ref=200168469",
    "cena": "15",
    "fotka": "../imgs/imgs-produktu/u182.jpg",
    "kategorie": "100Cent"
},{
    "nazev": "Trapstar Hoodie/Pants Gray Trapstar Gray Shooters Hoodie",
    "url": "https://mulebuy.com/product/?shop_type=weidian&id=7387238873&ref=200168469",
    "cena": "15",
    "fotka": "../imgs/imgs-produktu/u183.jpg",
    "kategorie": "100Cent"
},{
    "nazev": "Trapstar Hoodie/Pants Black/Grey/Blue Retro Hoodie",
    "url": "https://mulebuy.com/product/?shop_type=weidian&id=7387238873&ref=200168469",
    "cena": "15",
    "fotka": "../imgs/imgs-produktu/u184.jpg",
    "kategorie": "100Cent"
},{
    "nazev": "Trapstar Hoodie/Pants Black/Grey/Red Retro Hoodie",
    "url": "https://mulebuy.com/product/?shop_type=weidian&id=7387238873&ref=200168469",
    "cena": "15",
    "fotka": "../imgs/imgs-produktu/u185.jpg",
    "kategorie": "100Cent"
},{
    "nazev": "Trapstar Hoodie/Pants Black/Grey/Blue Retro Pants",
    "url": "https://mulebuy.com/product/?shop_type=weidian&id=7387238873&ref=200168469",
    "cena": "15",
    "fotka": "../imgs/imgs-produktu/u186.jpg",
    "kategorie": "100Cent"
},{
    "nazev": "Trapstar Hoodie/Pants Black/Grey/Red Retro Pants",
    "url": "https://mulebuy.com/product/?shop_type=weidian&id=7387238873&ref=200168469",
    "cena": "15",
    "fotka": "../imgs/imgs-produktu/u187.jpg",
    "kategorie": "100Cent"
},{
    "nazev": "Denim Tears Black Hoodie",
    "url": "https://mulebuy.com/product/?shop_type=weidian&id=7387228975&ref=200168469",
    "cena": "12",
    "fotka": "../imgs/imgs-produktu/u188.jpg",
    "kategorie": "100Cent"
},{
    "nazev": "Denim Tears Purple Hoodie",
    "url": "https://mulebuy.com/product/?shop_type=weidian&id=7387228975&ref=200168469",
    "cena": "12",
    "fotka": "../imgs/imgs-produktu/u189.jpg",
    "kategorie": "100Cent"
},{
    "nazev": "Denim Tears Black Pants",
    "url": "https://mulebuy.com/product/?shop_type=weidian&id=7387228975&ref=200168469",
    "cena": "12",
    "fotka": "../imgs/imgs-produktu/u190.jpg",
    "kategorie": "100Cent"
},{
    "nazev": "Denim Tears Purple Pants",
    "url": "https://mulebuy.com/product/?shop_type=weidian&id=7387228975&ref=200168469",
    "cena": "12",
    "fotka": "../imgs/imgs-produktu/u191.jpg",
    "kategorie": "100Cent"
},{
    "nazev": "Essentaials Black Tee",
    "url": "https://mulebuy.com/product/?shop_type=weidian&id=7387201381&ref=200168469",
    "cena": "10",
    "fotka": "../imgs/imgs-produktu/u192.jpg",
    "kategorie": "100Cent"
},{
    "nazev": "Essentaials White Tee",
    "url": "https://mulebuy.com/product/?shop_type=weidian&id=7387201381&ref=200168469",
    "cena": "10",
    "fotka": "../imgs/imgs-produktu/u193.jpg",
    "kategorie": "100Cent"
},{
    "nazev": "Essentaials Gray Tee",
    "url": "https://mulebuy.com/product/?shop_type=weidian&id=7387201381&ref=200168469",
    "cena": "10",
    "fotka": "../imgs/imgs-produktu/u194.jpg",
    "kategorie": "100Cent"
},{
    "nazev": "Essentaials Beigeapricot Tee",
    "url": "https://mulebuy.com/product/?shop_type=weidian&id=7387201381&ref=200168469",
    "cena": "10",
    "fotka": "../imgs/imgs-produktu/u195.jpg",
    "kategorie": "100Cent"
},{
    "nazev": "Essentaials Khaki Tee",
    "url": "https://mulebuy.com/product/?shop_type=weidian&id=7387201381&ref=200168469",
    "cena": "10",
    "fotka": "../imgs/imgs-produktu/u196.jpg",
    "kategorie": "100Cent"
},{
    "nazev": "Essentaials Fruit Green Tee",
    "url": "https://mulebuy.com/product/?shop_type=weidian&id=7387201381&ref=200168469",
    "cena": "10",
    "fotka": "../imgs/imgs-produktu/u197.jpg",
    "kategorie": "100Cent"
},{
    "nazev": "Essentaials CharaocalGray Tee",
    "url": "https://mulebuy.com/product/?shop_type=weidian&id=7387201381&ref=200168469",
    "cena": "10",
    "fotka": "../imgs/imgs-produktu/u198.jpg",
    "kategorie": "100Cent"
},{
    "nazev": "Essentials Reflective Black Pants",
    "url": "https://mulebuy.com/product/?shop_type=weidian&id=7389081322&ref=200168469",
    "cena": "13",
    "fotka": "../imgs/imgs-produktu/u199.jpg",
    "kategorie": "100Cent"
},{
    "nazev": "Essentials Reflective Gray Pants",
    "url": "https://mulebuy.com/product/?shop_type=weidian&id=7389081322&ref=200168469",
    "cena": "13",
    "fotka": "../imgs/imgs-produktu/u200.jpg",
    "kategorie": "100Cent"
},
] 